Workbook
Name Slicer_Origin: #N/A

Sheet Brief
B1: Dynamic Reports Brief — Flights
B3: Domain: Flights / Airline Operations
B4: Build the reports below using the Dataset sheet. Create a NEW sheet for each report
B5: (e.g. 'Report 1', 'Report 2'...). Don't overwrite the raw data.
B6: Route = Origin-Destination combination (you may need a helper column for this).
B8: Column Reference
B9: FlightID — Unique flight identifier
B10: Airline — PIA, AirBlue, SereneAir, Fly Jinnah
B11: Origin — Departure city
B12: Destination — Arrival city
B13: ScheduledDeparture — Scheduled departure date & time
B14: DelayMinutes — Minutes of delay (0 = on time)
... B53: Hint: =COUNTIFS(DelayMinutes,">"&ThresholdCell) / COUNTA(FlightID range).

Sheet Dataset
A1: Flights — Operations Dataset
A2: FlightID | B2: Airline | C2: Origin | D2: Destination | E2: Route | F2: ScheduledDeparture | G2: DepartureHour | H2: DelayMinutes | I2: AircraftType | J2: SeatsAvailable | K2: SeatsSold | L2: LoadFactor | M2: Class | N2: AvgTicketPrice | O2: Revenue | P2: DelayReason
A3: FL2000 | B3: Fly Jinnah | C3: Karachi | D3: Islamabad | E3: =FlightOps[[#This Row],[Origin]]&"-"&FlightOps[[#This Row],[Destination]] -> Karachi-Islamabad | F3: 46137.427 | G3: =HOUR(FlightOps[[#This Row],[ScheduledDeparture]]) -> 10 | H3: 0 | I3: Boeing 737 | J3: 180 | K3: 151 | L3: =FlightOps[[#This Row],[SeatsSold]]/FlightOps[[#This Row],[SeatsAvailable]] -> 0.83888889 | M3: Economy | N3: 25023.31 | O3: =FlightOps[[#This Row],[SeatsSold]]*FlightOps[[#This Row],[AvgTicketPrice]] -> 3778519.8 | P3: None
A4: FL2001 | B4: Fly Jinnah | C4: Karachi | D4: Islamabad | E4: =FlightOps[[#This Row],[Origin]]&"-"&FlightOps[[#This Row],[Destination]] -> Karachi-Islamabad | F4: 46063.281 | G4: =HOUR(FlightOps[[#This Row],[ScheduledDeparture]]) -> 6 | H4: 35 | I4: ATR 72 | J4: 72 | K4: 34 | L4: =FlightOps[[#This Row],[SeatsSold]]/FlightOps[[#This Row],[SeatsAvailable]] -> 0.47222222 | M4: Economy | N4: 19835.39 | O4: =FlightOps[[#This Row],[SeatsSold]]*FlightOps[[#This Row],[AvgTicketPrice]] -> 674403.26 | P4: Technical
A5: FL2002 | B5: AirBlue | C5: Lahore | D5: Islamabad | E5: =FlightOps[[#This Row],[Origin]]&"-"&FlightOps[[#This Row],[Destination]] -> Lahore-Islamabad | F5: 45994.781 | G5: =HOUR(FlightOps[[#This Row],[ScheduledDeparture]]) -> 18 | H5: 27 | I5: ATR 72 | J5: 72 | K5: 33 | L5: =FlightOps[[#This Row],[SeatsSold]]/FlightOps[[#This Row],[SeatsAvailable]] -> 0.45833333 | M5: Business | N5: 97392.7 | O5: =FlightOps[[#This Row],[SeatsSold]]*FlightOps[[#This Row],[AvgTicketPrice]] -> 3213959.1 | P5: Weather
A6: FL2003 | B6: AirBlue | C6: Lahore | D6: London | E6: =FlightOps[[#This Row],[Origin]]&"-"&FlightOps[[#This Row],[Destination]] -> Lahore-London | F6: 46068.688 | G6: =HOUR(FlightOps[[#This Row],[ScheduledDeparture]]) -> 16 | H6: 65 | I6: Boeing 737 | J6: 180 | K6: 118 | L6: =FlightOps[[#This Row],[SeatsSold]]/FlightOps[[#This Row],[SeatsAvailable]] -> 0.65555556 | M6: Business | N6: 144845.08 | O6: =FlightOps[[#This Row],[SeatsSold]]*FlightOps[[#This Row],[AvgTicketPrice]] -> 17091719 | P6: Technical
A7: FL2004 | B7: Fly Jinnah | C7: Lahore | D7: Dubai | E7: =FlightOps[[#This Row],[Origin]]&"-"&FlightOps[[#This Row],[Destination]] -> Lahore-Dubai | F7: 45844.76 | G7: =HOUR(FlightOps[[#This Row],[ScheduledDeparture]]) -> 18 | H7: 30 | I7: Airbus A321 | J7: 220 | K7: 178 | L7: =FlightOps[[#This Row],[SeatsSold]]/FlightOps[[#This Row],[SeatsAvailable]] -> 0.80909091 | M7: Business | N7: 119129.44 | O7: =FlightOps[[#This Row],[SeatsSold]]*FlightOps[[#This Row],[AvgTicketPrice]] -> 21205040 | P7: Weather
A8: FL2005 | B8: SereneAir | C8: Karachi | D8: Dubai | E8: =FlightOps[[#This Row],[Origin]]&"-"&FlightOps[[#This Row],[Destination]] -> Karachi-Dubai | F8: 45872.365 | G8: =HOUR(FlightOps[[#This Row],[ScheduledDeparture]]) -> 8 | H8: 0 | I8: Boeing 737 | J8: 180 | K8: 120 | L8: =FlightOps[[#This Row],[SeatsSold]]/FlightOps[[#This Row],[SeatsAvailable]] -> 0.66666667 | M8: Business | N8: 80480.1 | O8: =FlightOps[[#This Row],[SeatsSold]]*FlightOps[[#This Row],[AvgTicketPrice]] -> 9657612 | P8: None
A9: FL2006 | B9: Fly Jinnah | C9: Karachi | D9: Islamabad | E9: =FlightOps[[#This Row],[Origin]]&"-"&FlightOps[[#This Row],[Destination]] -> Karachi-Islamabad | F9: 46045.646 | G9: =HOUR(FlightOps[[#This Row],[ScheduledDeparture]]) -> 15 | H9: 0 | I9: Airbus A320 | J9: 186 | K9: 87 | L9: =FlightOps[[#This Row],[SeatsSold]]/FlightOps[[#This Row],[SeatsAvailable]] -> 0.46774194 | M9: Business | N9: 61745.35 | O9: =FlightOps[[#This Row],[SeatsSold]]*FlightOps[[#This Row],[AvgTicketPrice]] -> 5371845.5 | P9: None
A10: FL2007 | B10: AirBlue | C10: Karachi | D10: Jeddah | E10: =FlightOps[[#This Row],[Origin]]&"-"&FlightOps[[#This Row],[Destination]] -> Karachi-Jeddah | F10: 46125.969 | G10: =HOUR(FlightOps[[#This Row],[ScheduledDeparture]]) -> 23 | H10: 40 | I10: Airbus A321 | J10: 220 | K10: 169 | L10: =FlightOps[[#This Row],[SeatsSold]]/FlightOps[[#This Row],[SeatsAvailable]] -> 0.76818182 | M10: Economy | N10: 54691.18 | O10: =FlightOps[[#This Row],[SeatsSold]]*FlightOps[[#This Row],[AvgTicketPrice]] -> 9242809.4 | P10: Weather
A11: FL2008 | B11: AirBlue | C11: Lahore | D11: London | E11: =FlightOps[[#This Row],[Origin]]&"-"&FlightOps[[#This Row],[Destination]] -> Lahore-London | F11: 46067.552 | G11: =HOUR(FlightOps[[#This Row],[ScheduledDeparture]]) -> 13 | H11: 17 | I11: Airbus A321 | J11: 220 | K11: 129 | L11: =FlightOps[[#This Row],[SeatsSold]]/FlightOps[[#This Row],[SeatsAvailable]] -> 0.58636364 | M11: Business | N11: 142585.24 | O11: =FlightOps[[#This Row],[SeatsSold]]*FlightOps[[#This Row],[AvgTicketPrice]] -> 18393496 | P11: Air Traffic Control
A12: FL2009 | B12: SereneAir | C12: Karachi | D12: Jeddah | E12: =FlightOps[[#This Row],[Origin]]&"-"&FlightOps[[#This Row],[Destination]] -> Karachi-Jeddah | F12: 45848.812 | G12: =HOUR(FlightOps[[#This Row],[ScheduledDeparture]]) -> 19 | H12: 0 | I12: Airbus A320 | J12: 186 | K12: 96 | L12: =FlightOps[[#This Row],[SeatsSold]]/FlightOps[[#This Row],[SeatsAvailable]] -> 0.51612903 | M12: Business | N12: 41708.73 | O12: =FlightOps[[#This Row],[SeatsSold]]*FlightOps[[#This Row],[AvgTicketPrice]] -> 4004038.1 | P12: None
A13: FL2010 | B13: PIA | C13: Karachi | D13: Lahore | E13: =FlightOps[[#This Row],[Origin]]&"-"&FlightOps[[#This Row],[Destination]] -> Karachi-Lahore | F13: 45932.542 | G13: =HOUR(FlightOps[[#This Row],[ScheduledDeparture]]) -> 13 | H13: 11 | I13: Airbus A321 | J13: 220 | K13: 123 | L13: =FlightOps[[#This Row],[SeatsSold]]/FlightOps[[#This Row],[SeatsAvailable]] -> 0.55909091 | M13: Business | N13: 73224.43 | O13: =FlightOps[[#This Row],[SeatsSold]]*FlightOps[[#This Row],[AvgTicketPrice]] -> 9006604.9 | P13: Air Traffic Control
A14: FL2011 | B14: AirBlue | C14: Karachi | D14: Lahore | E14: =FlightOps[[#This Row],[Origin]]&"-"&FlightOps[[#This Row],[Destination]] -> Karachi-Lahore | F14: 46023.396 | G14: =HOUR(FlightOps[[#This Row],[ScheduledDeparture]]) -> 9 | H14: 0 | I14: Airbus A321 | J14: 220 | K14: 83 | L14: =FlightOps[[#This Row],[SeatsSold]]/FlightOps[[#This Row],[SeatsAvailable]] -> 0.37727273 | M14: Business | N14: 59445.24 | O14: =FlightOps[[#This Row],[SeatsSold]]*FlightOps[[#This Row],[AvgTicketPrice]] -> 4933954.9 | P14: None
... A282: FL2279 | B282: PIA | C282: Lahore | D282: Islamabad | E282: =FlightOps[[#This Row],[Origin]]&"-"&FlightOps[[#This Row],[Destination]] -> Lahore-Islamabad | F282: 45977.427 | G282: =HOUR(FlightOps[[#This Row],[ScheduledDeparture]]) -> 10 | H282: 77 | I282: ATR 72 | J282: 72 | K282: 28 | L282: =FlightOps[[#This Row],[SeatsSold]]/FlightOps[[#This Row],[SeatsAvailable]] -> 0.38888889 | M282: Business | N282: 107573 | O282: =FlightOps[[#This Row],[SeatsSold]]*FlightOps[[#This Row],[AvgTicketPrice]] -> 3012044 | P282: Air Traffic Control

Sheet report 1
A1: Task 1: On-Time Performance by Airline (PivotTable)
A2: Build a PivotTable showing, for each Airline: total flights, count of flights with DelayMinutes>15, and the on-time percentage (calculated field or separate column).
B4: Row Labels | C4: Count of FlightID | D4: Delayed >15 m | E4: On-time pct
B5: AirBlue | C5: 76 | D5: {=COUNTIFS(FlightOps[Airline],'report 1'!B5:B8,FlightOps[DelayMinutes],">15")} -> 34 | E5: =(C5-D5)/C5 -> 0.55263158
B6: Fly Jinnah | C6: 75 | D6: 29 | E6: =(C6-D6)/C6 -> 0.61333333
B7: SereneAir | C7: 68 | D7: 35 | E7: =(C7-D7)/C7 -> 0.48529412
B8: PIA | C8: 61 | D8: 22 | E8: =(C8-D8)/C8 -> 0.63934426
B9: Grand Total | C9: 280 | D9: =SUM(_xlfn.ANCHORARRAY(D5)) -> 120 | E9: =(C9-D9)/C9 -> 0.57142857

Sheet Report 2
A1: Task 2: Route Load Factor Report (Formulas)
A2: Create a helper column 'Route' (Origin & "-" & Destination). Then for each unique route, calculate average load factor (SeatsSold/SeatsAvailable) using AVERAGEIFS or SUMPRODUCT-based formulas.
A4: Routes | B4: Avg LoadFactor
A5: {=_xlfn.UNIQUE(FlightOps[Route])} -> Karachi-Islamabad | B5: {=AVERAGEIFS(FlightOps[LoadFactor],FlightOps[Route],_xlfn.ANCHORARRAY('Report 2'!A5))} -> 0.70106916
A6: Lahore-Islamabad | B6: 0.62891256
A7: Lahore-London | B7: 0.66972579
A8: Lahore-Dubai | B8: 0.6929411
A9: Karachi-Dubai | B9: 0.71280485
A10: Karachi-Jeddah | B10: 0.65535225
A11: Karachi-Lahore | B11: 0.63413042
A12: Islamabad-Jeddah | B12: 0.68483627

Sheet Report 3
A1: Task 3: Delay Reason Breakdown (Pie Chart)
A2: Count flights by DelayReason using COUNTIF, then build a pie chart showing the proportion of delays attributable to each cause (excluding 'None').
A5: DelayReason | B5: Count
A6: Technical | B6: {=COUNTIF(FlightOps[DelayReason],'Report 3'!A6:A9)} -> 46
A7: Weather | B7: 48
A8: Air Traffic Control | B8: 45
A9: Crew | B9: 54

Sheet report 4
A1: Task 4: Revenue Estimation Dashboard
A2: Add a helper column 'Revenue' = SeatsSold * AvgTicketPrice. Build a PivotTable summarizing total revenue by Airline and Class, with a slicer for Origin.
A3: Sum of Column1 | B3: Column Labels
A4: Row Labels | B4: Business | C4: Economy | D4: Grand Total
A5: AirBlue | B5: 84948037 | C5: 45480785 | D5: 1.3042882e+08
A6: Fly Jinnah | B6: 1.1498591e+08 | C6: 25504548 | D6: 1.4049046e+08
A7: PIA | B7: 84296398 | C7: 27394054 | D7: 1.1169045e+08
A8: SereneAir | B8: 1.0965306e+08 | C8: 48882409 | D8: 1.5853547e+08
A9: Grand Total | B9: 3.9388341e+08 | C9: 1.472618e+08 | D9: 5.411452e+08

Sheet report 5
A1: Task 5: Peak Hour Departure Analysis
A2: Extract the departure hour from ScheduledDeparture (helper column using HOUR()). Count flights per hour using COUNTIFS, and build a column chart showing flight volume by hour of day to identify peak times.
B4: Hours | C4: Flight Count
B5: 4 | C5: =COUNTIFS(FlightOps[DepartureHour],Table2[[#This Row],[Hours]]) -> 11
B6: 5 | C6: =COUNTIFS(FlightOps[DepartureHour],Table2[[#This Row],[Hours]]) -> 20
B7: 6 | C7: =COUNTIFS(FlightOps[DepartureHour],Table2[[#This Row],[Hours]]) -> 15
B8: 7 | C8: =COUNTIFS(FlightOps[DepartureHour],Table2[[#This Row],[Hours]]) -> 10
B9: 8 | C9: =COUNTIFS(FlightOps[DepartureHour],Table2[[#This Row],[Hours]]) -> 10
B10: 9 | C10: =COUNTIFS(FlightOps[DepartureHour],Table2[[#This Row],[Hours]]) -> 19
B11: 10 | C11: =COUNTIFS(FlightOps[DepartureHour],Table2[[#This Row],[Hours]]) -> 16
B12: 11 | C12: =COUNTIFS(FlightOps[DepartureHour],Table2[[#This Row],[Hours]]) -> 10
B13: 12 | C13: =COUNTIFS(FlightOps[DepartureHour],Table2[[#This Row],[Hours]]) -> 13
B14: 13 | C14: =COUNTIFS(FlightOps[DepartureHour],Table2[[#This Row],[Hours]]) -> 14
B15: 14 | C15: =COUNTIFS(FlightOps[DepartureHour],Table2[[#This Row],[Hours]]) -> 10
B16: 15 | C16: =COUNTIFS(FlightOps[DepartureHour],Table2[[#This Row],[Hours]]) -> 17
... B24: 23 | C24: =COUNTIFS(FlightOps[DepartureHour],Table2[[#This Row],[Hours]]) -> 15

Sheet report 6
A1: Task 6: Dynamic Route Lookup Panel (INDEX/MATCH or XLOOKUP)
A2: Build a panel where entering an Origin and Destination in two cells returns: number of flights on that route, average DelayMinutes, and average load factor — all recalculating dynamically.
B4: Origin | C4: Lahore
B6: Destination | C6: Lahore
B9: Number of Flights | C9: Avg delayMinutues | D9: Avg LoadFactor
B10: =COUNTIFS(FlightOps[Origin],'report 6'!C4,FlightOps[Destination],'report 6'!C6) -> 0 | C10: =IFERROR(AVERAGEIFS(FlightOps[DelayMinutes],FlightOps[Origin],'report 6'!C4,FlightOps[Destination],'report 6'!C6),0) -> 0 | D10: =IFERROR(AVERAGEIFS(FlightOps[LoadFactor],FlightOps[Origin],'report 6'!C4,FlightOps[Destination],'report 6'!C6),0) -> 0

Sheet report 7
A1: Task 7: Aircraft Utilization Heatmap (Conditional Formatting)
A2: Build a table of AircraftType x Airline showing the count of flights for each combination (PivotTable or COUNTIFS matrix). Apply a color scale to highlight which aircraft types are most used by which airline.
A4: Count of FlightID | B4: Aircraft Tpye
A5: Airlines | B5: Airbus A320 | C5: Airbus A321 | D5: ATR 72 | E5: Boeing 737 | F5: Grand Total
A6: AirBlue | B6: 17 | C6: 18 | D6: 21 | E6: 20 | F6: 76
A7: Fly Jinnah | B7: 23 | C7: 22 | D7: 17 | E7: 13 | F7: 75
A8: PIA | B8: 12 | C8: 16 | D8: 16 | E8: 17 | F8: 61
A9: SereneAir | B9: 13 | C9: 22 | D9: 16 | E9: 17 | F9: 68
A10: Grand Total | B10: 65 | C10: 78 | D10: 70 | E10: 67 | F10: 280

Sheet report 8
A1: Task 8: Delay Threshold What-If Analysis
A2: Create an input cell for 'Delay Threshold (minutes)'. Use COUNTIFS with this cell as the criteria to dynamically count how many flights exceed the threshold, and what percentage of total flights that represents — updating as you change the threshold.
B5: DelayMiutues
B6: 30
B9: Threshold Exceed | C9: %
B10: =COUNTIFS(FlightOps[DelayMinutes],">"&B6) -> 63 | C10: =COUNTIFS(FlightOps[DelayMinutes],">"&B6)/COUNTA(FlightOps[FlightID]) -> 0.225
